id,name,lat_lon,free_bikes
7303,Queen St E / Woodward Ave,"43.665269,-79.319796",5
7301,Primrose Ave / Davenport Rd,"43.67142,-79.445947",6
7309,Queen St. E / Rhodes Ave.,"43.666224,-79.317693",13
7045,Bond St / Queen St E,"43.653236,-79.376716",9
7044,Church St / Alexander St,"43.663722,-79.380288",0
7047,University Ave / Gerrard St W (East Side),"43.657763,-79.389165",7
7041,Edward St / Yonge St,"43.656729,-79.382736",14
7040,Euclid Ave / Bloor St W,"43.664467,-79.414783",13
7128,Yonge St / Aylmer Ave,"43.675492,-79.388858",9
7129,Davenport Rd / Avenue Rd,"43.674991,-79.396273",3
7126,Yonge St / Yorkville Ave,"43.671944,-79.387778",5
7124,Dundas St E / Broadview Ave,"43.662365,-79.351104",7
7048,Front St W / Yonge St (Hockey Hall of Fame),"43.646144,-79.377962",21
7120,Gerrard St E / River St,"43.663993,-79.358534",6
7121,Jarvis St / Dundas St E,"43.657266,-79.374756",15
7346,Logan Av / Gerrard St E,"43.6672144,-79.3452697",11
7347,Regal Rd / Dufferin St,"43.673939,-79.441159",6
7342,Morse St / Eastern Ave,"43.657991,-79.340075",8
7343,Alton Ave / Dundas St E (Greenwood Park),"43.66745,-79.329408",13
7340,Blake St / Boultbee Ave,"43.672453,-79.338259",3
7341,Eastern Ave / Winnifred Ave,"43.6592088,-79.3348396",9
7349,Gamble Ave / Broadview Ave,"43.689211,-79.35438",7
7268,111 Bond St (North of Dundas St E)  - SMART,"43.656927,-79.378497",15
7265,Wallace Ave / Symington Ave - SMART,"43.661324,-79.449534",1
7267,Dundas St E / Pembroke St - SMART,"43.658295,-79.372346",7
7266,Victoria Park Subway Station - SMART,"43.6940155,-79.2889842",16
7262,Wychwood Ave / Benson Ave - SMART,"43.6809164,-79.4229684",3
7379,Lawton Blvd / Yonge St,"43.6910667,-79.39535",3
7378,Yonge St / Davisville Ave,"43.6975969,-79.39654",2
7000,Fort York  Blvd / Capreol Ct,"43.639832,-79.395954",0
7003,Madison Ave / Bloor St W,"43.667158,-79.402761",4
7002,St. George St / Bloor St W,"43.667333,-79.399429",12
7005,King St W / York St,"43.6480008,-79.383177",17
7004,University Ave / Elm St,"43.656518,-79.389099",0
7007,College St / Huron St,"43.658148,-79.398167",1
7279,Rosehill Ave / Avoca Ave - SMART,"43.687999,-79.38906",3
7175,HTO Park (Queens Quay W),"43.63796,-79.387502",22
7174,Bloor St W / Dundas St W,"43.6563889,-79.45166666666667",13
7176,Bathurst St / Fort York Blvd,"43.639179,-79.399595",7
7171,Ontario Place Blvd / Lake Shore Blvd W,"43.6322445,-79.4108105",10
7170,Spadina Ave / Willcocks St,"43.6616667,-79.40138888888889",10
7173,Cariboo St / Rail Path,"43.66666667,-79.45833333333334",18
7178,Dundas St W / Edna Ave,"43.657192,-79.452559",12
7078,College St / Major St,"43.6576,-79.4032",10
7079,McGill St / Church St,"43.660694,-79.379052",6
7075,Queens Quay W / Dan Leckie Way,"43.636533,-79.395854",20
7076,York St / Queens Quay W,"43.640132,-79.380464",27
7077,College Park South,"43.659777,-79.382767",10
7070,25 York St â€“ Union Station South,"43.643667,-79.380414",7
7071,161 Bleecker St (South of Wellesley),"43.666233,-79.373327",8
7073,Spadina Ave / Fort York Blvd,"43.640114,-79.393249",8
7188,Exhibition GO (Atlantic Ave),"43.6366666666667,-79.4197222222222",21
7189,Augusta Ave / Denison Sq,"43.653766,-79.4016759",15
7180,Lansdowne Subway Station,"43.6587734,-79.443054",12
7181,Lansdowne Ave / Whytock Ave,"43.6538888888889,-79.4413888888889",1
7182,Sterling Rd / Dundas St W,"43.6508333333333,-79.4430555555556",4
7183,St Clarens Ave / College St,"43.651238,-79.43868",5
7184,Ossington Ave / College St,"43.6544915,-79.422634",4
7221,High Park Subway Station,"43.6543604,-79.4655296",0
7220,Lake Shore Blvd W / Ellis Ave,"43.635932,-79.465083",10
7223,Parkside Dr / Bloor St W - SMART,"43.654501,-79.460053",10
7222,Sunnyside - Gus Ryder Pool,"43.637894,-79.454823",7
7225,Lake Shore Blvd W / Windermere Ave,"43.634896,-79.467763",8
7224,Bloor St W / High Park Ave (High Park),"43.6535269,-79.4650569",12
7227,Martin Goodman Trail (Marilyn Bell Park),"43.6314,-79.4304",13
7226,Lake Shore Blvd W / The Boulevard Club,"43.636731,-79.444966",11
7229,Dundas St W / Roncesvalles Green P - SMART,"43.6534268,-79.4512787",1
7380,Erskine Ave / Yonge St SMART,"43.7112153,-79.39894",1
7386,D'Arcy St / McCaul St - SMART,"43.655227,-79.39201",13
7387,Mortimer Ave / Carlaw Ave SMART,"43.685167,-79.34962",4
7384,Cumberland Ave / Bay St SMART,"43.6704537,-79.39014",7
7385,20 Charles St E,"43.6691099,-79.38551",0
7122,Niagara St / Tecumseth St,"43.641389,-79.404444",10
7123,424 Wellington St W,"43.643834,-79.396649",12
7257,Dundas St W / St. Patrick St,"43.6545174,-79.3895315",5
7252,Robert St / Bloor St W - SMART,"43.665846,-79.404998",4
7253,John St  / Mercer St - SMART,"43.6461,-79.3895",1
7315,Queen St E / Hammersmith Ave,"43.671349,-79.29451",6
7314,Queen St. E / Eastern Ave,"43.667208,-79.312315",6
7317,Hubbard Blvd / Balsam Av,"43.669328,-79.288949",14
7316,Queen St. E / Spruce Hill Rd.,"43.672571,-79.289",15
7259,Lower Spadina Ave / Lake Shore Blvd,"43.638497,-79.39192",18
7313,Coxwell Ave /  Lake Shore Blvd E,"43.662771,-79.315223",15
7312,Amelia St. / Sumach St.,"43.66852,-79.363525",1
7032,Augusta Ave / Dundas St W,"43.652473,-79.401456",11
7035,Queen St W / Ossington Ave,"43.643975,-79.419576",15
7036,Trinity St /Front St E,"43.651318,-79.36023",6
7038,Dundas St W / Yonge St,"43.656094,-79.381484",20
7132,Kendal Ave / Spadina Rd,"43.670318,-79.405181",0
7137,Davenport Rd / Bathurst St,"43.676667,-79.416111",8
7136,Queen St W / Close Ave,"43.640634,-79.435841",2
7148,King St W / Joe Shuster Way,"43.639444,-79.423611",11
7149,Yarmouth Rd / Christie St,"43.67,-79.42083333333333",2
7144,Palmerston Ave / Vermont Ave,"43.671389,-79.416389",10
7146,Christie St / Benson Ave (Wychwood Barns),"43.68,-79.42500000000001",3
7147,King St W / Fraser Ave,"43.6394444,-79.42527777777778",11
7140,Macpherson Ave / Spadina Rd,"43.675791,-79.40698",6
7141,Bridgeman Ave / Kendal Ave,"43.675556,-79.410278",6
7142,Bridgeman Ave / Bathurst St,"43.674444,-79.414722",7
7143,Kendal Ave / Bernard Ave,"43.671513,-79.408317",7
7351,Pretoria Av / Broadview Av,"43.6783213,-79.35822",4
7350,Broadview Ave / Westwood Ave,"43.6848652,-79.356602",10
7353,Fulton Ave / Pape Ave,"43.68395,-79.347046",12
7352,Cosburn Ave / Donlands Ave,"43.690537,-79.341307",4
7355,Beltline Trail / Chaplin Cres.,"43.704461,-79.423122",2
7357,Lake Shore Blvd E / Leslie St,"43.659195,-79.329196",13
7356,King St E / Berkeley St,"43.651885,-79.3649",16
7359,Rosedale Park (20 Schofield Ave),"43.682645,-79.377557",9
7210,Mary McCormick Rec Centre (Sheridan Ave),"43.6475,-79.43305555555555",11
7217,Soho St / Queen St W,"43.6494896,-79.393535",6
7326,Davenport Rd / Lansdowne Ave,"43.671526,-79.44874",9
7320,Front St W / University Ave (1),"43.6451635,-79.3831757",16
7321,Front St W / University Ave (2),"43.6452972,-79.3827914",17
7323,457 King St W,"43.6452091,-79.3960744",7
7150,Dufferin St / Sylvan Av (Dufferin Grove Park),"43.6555556,-79.43361111111112",9
7328,Roxborough St W / Yonge St,"43.678077,-79.390328",10
7329,Crawford St / Queen St W,"43.645665,-79.415345",10
7368,Lisgar St / Dundas St W - SMART,"43.6493472,-79.42668",5
7369,Dupont St / Emerson Ave SMART,"43.667266,-79.443946",3
7100,Dundas St E / Regent Park Blvd,"43.660207,-79.361275",11
7101,Lower Sherbourne St / The Esplanade,"43.648655,-79.367061",26
7102,Nelson St / Duncan St,"43.648711,-79.389728",19
7103,Jimmie Simpson Park (Queen St E),"43.6605603,-79.3437663",11
7105,Queen St E / Sackville St,"43.6561111,-79.36138888888888",9
7106,Mill St / Tannery Rd,"43.652219,-79.354455",10
7107,Cherry St / Distillery Ln,"43.650279,-79.356832",8
7108,Front St E / Cherry St,"43.652686,-79.358395",7
7069,Queen St W / Spadina Ave,"43.649147,-79.395504",8
7067,Yonge St / Harbour St,"43.643795,-79.375413",27
7066,Willcocks St / St. George St,"43.662085,-79.397735",6
7065,Dundas St E / Parliament St,"43.659575,-79.365769",3
7064,51 Parliament St,"43.65205,-79.362198",17
7063,Queen's Park / Bloor St W,"43.668456,-79.393899",1
7366,Fort York Blvd / Bathurst St SMART,"43.639052,-79.399792",15
7367,Alma Ave / Gladstone Ave SMART,"43.6448617,-79.42822",8
7199,College St / Markham St,"43.6563888888889,-79.4091666666667",2
7198,Queen St W / Cowan Ave,"43.6409,-79.432837",3
7193,Queen St W / Gladstone Ave,"43.6430555555556,-79.4275",14
7192,Harbord St / Clinton St,"43.660414,-79.415646",2
7191,Central Tech  (Harbord St),"43.661975,-79.407896",0
7196,Roxton Rd / Harbord St,"43.65905,-79.422988",0
7195,Ulster St / Bathurst St,"43.66,-79.4088888888889",1
7194,Mortimer Ave / Coxwell Ave,"43.690564,-79.326319",9
7083,Danforth Ave / Barrington Ave,"43.688325,-79.300463",1
7441,Pacific Ave / Glenlake Ave,"43.65716,-79.46478",8
7086,High Park - West Rd,"43.6525077,-79.4654233",2
7388,Broadview Subway Station,"43.6772,-79.35858",1
7089,Church St  / Wood St,"43.662712,-79.379903",4
7389,College Park - Gerrard Entrance,"43.658938,-79.383518",0
7088,Danforth Ave / Coxwell Ave,"43.683378,-79.322961",7
7383,12 Harbour St,"43.6425636,-79.3762",13
7247,Howard Park Ave / Dundas St W - SMART,"43.6521,-79.4486",6
7246,Yonge St / Bloor St,"43.669969,-79.386532",4
7244,Dufferin Gate - SMART,"43.633473,-79.425679",9
7242,Lake Shore Blvd W / Ontario Dr,"43.630254,-79.420317",5
7240,Bloor St W / Shaw Ave - SMART,"43.662403,-79.423098",3
7360,Concord Av / Dewson St,"43.656945,-79.424911",6
7361,Hocken Ave / Vaughan Rd,"43.6817346,-79.4184725",3
7362,St Clair Ave W / Bathurst St.,"43.683296,-79.418734",5
7364,Queen St E / Nursewood Rd,"43.673831,-79.281455",14
7365,Kew Beach Ave / Kenilworth Ave,"43.666325,-79.3014",14
7249,Dovercourt Rd / Harrison St (Green P) - SMART,"43.651145,-79.423742",2
7248,Baldwin Ave / Spadina Ave - SMART,"43.654905,-79.398448",9
7432,Frederick St / King St E,"43.651118,-79.369411",12
7023,College St / Borden St,"43.6571,-79.4056",0
7020,Phoebe St / Spadina Ave,"43.650033,-79.396555",24
7027,Beverley  St / Dundas St W,"43.652823,-79.393388",19
7026,Bay St / St. Joseph St,"43.665527,-79.387499",0
7028,Gould St / Mutual St,"43.6582,-79.3768",21
7097,Riverdale Park North (Broadview Ave),"43.671172,-79.354704",10
7095,Danforth Ave / Ellerbeck St,"43.677076,-79.35667",6
7092,Pape Subway Station (Green P),"43.680223,-79.344062",3
7093,Danforth Ave / Gough Ave,"43.678401,-79.346289",2
7090,Danforth Ave / Lamb Ave,"43.681991,-79.329455",5
7158,King St W / Stafford St,"43.6422222,-79.41111111111111",3
7155,Bathurst St / Lennox St,"43.663808,-79.410491",0
7154,Bathurst Subway Station,"43.6666667,-79.41166666666668",6
7153,Bloor St W / Christie St,"43.6638889,-79.41888888888889",11
7152,Ossington Ave / Bloor St W,"43.661705,-79.425734",0
7151,Essex St / Christie St - SMART,"43.6686111,-79.42027777777778",1
7296,Westmoreland Ave / Fernbank Ave,"43.665327,-79.43235",17
7297,Havelock St / Dufferin Park,"43.657343,-79.43112",1
7298,Bathurst St / Adelaide St W,"43.645324,-79.40345",13
7299,Mill St / Parliament St,"43.650256,-79.36163",4
7209,Ossington Ave / Harrison St,"43.651111111111106,-79.4213888888889",12
7208,80 Clinton St (North of College),"43.656296,-79.414663",6
7207,Dundas St W / Crawford St,"43.649722,-79.416944",22
7206,Claremont St / Dundas St W,"43.651281,-79.411717",9
7205,Rusholme Park Cres / College St,"43.65277778,-79.42972222",7
7204,College St / Crawford St,"43.655,-79.418889",18
7337,Gerrard Square Mall (1010 Gerrard St E),"43.668553,-79.338673",18
7336,Queen St E / Alton Av,"43.663912,-79.327987",11
7334,Simcoe St / Wellington St W North,"43.6462176,-79.3855048",14
7331,Coxwell Ave / Plains Rd,"43.69595,-79.328535",6
7339,Carlaw Ave / Strathcona Ave,"43.6753188,-79.3462789",2
7338,Logan Ave / Bain Ave,"43.6720273,-79.3470557",7
7112,Liberty St / Fraser Ave Green P,"43.637981,-79.424146",15
7111,King St W / Douro St,"43.640885,-79.416379",3
7110,Queen St E / Berkeley St,"43.6552778,-79.36583333333333",9
7115,Howard St / Sherbourne St,"43.6712581,-79.376367",1
7114,Carlton St / Parliament St,"43.664524,-79.36793",12
7119,Sumach St / Carlton St. (Riverdale Farm),"43.665867,-79.362506",1
7118,King St W / Bay St (East Side),"43.648575,-79.380042",12
7059,Front St W / Blue Jays Way,"43.643473,-79.390477",9
7053,Metro Hall Plaza,"43.645859,-79.38783",24
7056,Parliament St / Gerrard St,"43.662132,-79.3656796",3
7054,Navy Wharf Ct. / Bremner Blvd.,"43.640722,-79.391051",2
7055,Jarvis St / Carlton St,"43.66207,-79.37617",12
7319,Lake Shore Blvd E / Knox Ave,"43.660206,-79.3244",5
7318,Hubbard Blvd. / Glen Manor Dr.,"43.668633,-79.291162",9
7272,Yonge St / Dundonald St - SMART,"43.665801,-79.384796",2
7273,Bay St / Charles St W - SMART,"43.668153,-79.38891",3
7270,Church St / Dundas St E - SMART,"43.657024,-79.377257",4
7271,Yonge St / Alexander St - SMART,"43.662862,-79.383572",2
7275,Queen St W / James St,"43.652276,-79.380701",3
7371,Eglinton Ave W / Henning Ave SMART,"43.7063473,-79.40161",4
7377,Balliol St / Yonge St  SMART,"43.6978701,-79.39419",5
7376,Frobisher Ave / Lascelles Blvd,"43.696708,-79.40045",2
7375,Front St E / Scott St,"43.6476616,-79.37549",7
7374,Frederick St / The Esplanade,"43.6487245,-79.36839",18
7098,Riverdale Park South (Broadview Ave),"43.667819,-79.35347",7
7014,Sherbourne St / Carlton St (Allan Gardens),"43.663102,-79.373181",9
7015,King St W / Bay St (West Side),"43.64852,-79.380576",21
7012,Elizabeth St / Edward St (Bus Terminal),"43.656026,-79.385327",3
7010,King St W / Spadina Ave,"43.645323,-79.395003",14
7139,Glen Edyth Dr / Davenport Rd,"43.677778,-79.405556",2
7168,Queens Quay / Yonge St,"43.641646,-79.375308",23
7169,Front St W / Bay St (North Side),"43.646162,-79.378912",5
7085,Danforth Ave / Westlake Ave,"43.687323,-79.304848",3
7031,Jarvis St / Isabella St,"43.668991,-79.379385",2
7163,Yonge St / Wood St,"43.6622222,-79.3825",9
7160,King St W / Tecumseth St,"43.64333333333333,-79.40555555555557",15
7161,Beverley St / College St,"43.6575,-79.39527777777778",6
7164,Gould St / Yonge St (Ryerson University),"43.657424,-79.381019",8
7283,Front St W / Bay St (South Side),"43.64595,-79.378761",4
7281,Charles St W / Balmuto St - SMART,"43.668427,-79.38725",5
7280,Charles St E / Jarvis St - SMART,"43.669604,-79.381171",2
7287,Queen St E / Pape Ave - SMART,"43.661673,-79.337789",15
7286,Gerrard St E / Broadview - SMART,"43.665656,-79.352055",3
7289,Humber Bay Shores Park East,"43.6308933,-79.4722622",18
7288,Humber Bay Shores Park West,"43.6224434,-79.480284",28
7131,Taddle Creek Park,"43.66986,-79.398443",1
7236,Thompson St / Broadview Ave - SMART,"43.659471,-79.350325",5
7234,Roncesvalles Ave / Marmaduke St,"43.650492,-79.450842",6
7232,Queen St W  /  Fuller Ave - SMART,"43.640255,-79.439223",8
7233,King / Cowan Ave - SMART,"43.637922,-79.431734",1
7230,Garden Ave / Roncesvalles Ave,"43.643769,-79.447915",3
7238,Sorauren Ave / Geoffrey St - SMART,"43.649172,-79.4445087",5
7239,Bloor St W / Manning Ave - SMART,"43.663912,-79.416124",3
7057,Simcoe St / Wellington St W South,"43.6458569,-79.3853654",7
7278,Mallon Ave / Jones Ave -SMART,"43.66587,-79.33443",11
7508,Berkeley St / Dundas St E - SMART,"43.658816,-79.367318",7
7497,128 Sterling Rd - SMART,"43.654004,-79.444792",6
7496,Sunnyside Ave / The Queensway - SMART,"43.6397,-79.44865",14
7493,Sackville St / Eastern Ave - SMART,"43.653809,-79.3595",9
7494,Davenport Rd / McAlpine St - SMART,"43.673768,-79.391253",1
7489,Sumach St  / Queen St E,"43.656638,-79.358749",5
7485,Blythwood Rd / Yonge St - SMART,"43.716652,-79.399993",3
7486,Gerrard St E / Main St,"43.684261,-79.299332",5
7483,Southwood Dr / Kingston Rd - SMART,"43.678685,-79.297974",2
7480,Neil McLellan Park,"43.65143,-79.47779",4
7479,Jane St / Bloor St W (Jane Subway Station),"43.64976,-79.48477",8
7477,Antler St / Campbell Ave - SMART,"43.664182,-79.449066",10
7474,Clarence Square,"43.64407,-79.3929",17
7471,Lake Shore Blvd W / Louisa St,"43.61868,-79.48674",9
7468,Front St W / Simcoe St,"43.6442,-79.38702",17
7467,Lower Simcoe St / Bremner Blvd,"43.64283,-79.38409",5
7466,Glendonwynne Ave / Bloor St W,"43.65182,-79.47421",7
7465,Russell Hill Rd / St Clair Ave W,"43.685569,-79.408019",3
7458,Church St / Lombard St,"43.651678,-79.375233",12
7462,Richmond St E / Yonge St,"43.651838,-79.378743",12
7461,High Park Amphitheatre,"43.645653,-79.464366",14
7457,Queen's Park Cres W / Hoskin Ave,"43.665221,-79.394009",19
7454,Pottery Rd / Lower Don River Trail,"43.688148,-79.362101",7
7452,Bleecker St / St James Ave,"43.669232,-79.374495",0
7451,Western Battery Rd / Pirandello St,"43.640075,-79.414156",22
7450,Carlaw Ave / Danforth Ave,"43.678285,-79.347346",3
7449,Cosburn Ave / Cedarvale Ave,"43.697139,-79.31469",8
7448,Goodwood Park Ct / Dentonia Park,"43.694826,-79.295208",4
7445,Eastwood Rd / Coxwell Ave,"43.673118,-79.318651",12
7447,Trent Ave / Danforth Ave,"43.689293,-79.295895",3
7446,Orchard Park,"43.66908,-79.3149",14
7444,Clendenan Ave / Rowland St - SMART,"43.66073,-79.47149",8
7440,Martin Goodman Trail / Remembrance Dr,"43.63121,-79.41414",7
7437,Concord Ave / Bloor St W,"43.66189,-79.42679",3
7438,Gothic Ave / Quebec Ave,"43.65389,-79.4675",10
7434,Via Italia / Mackay Ave,"43.676697,-79.445029",8
7435,Rushton Rd / St Clair Ave W,"43.68114,-79.4277",4
7433,Dundas St E / Boulton Ave - SMART,"43.663148,-79.347938",15
7431,Gerrard St E / Leslie St,"43.669813,-79.3335",20
7430,Marilyn Bell Park Tennis Court,"43.633537,-79.437461",11
7427,Northern Dancer Blvd / Lake Shore Blvd E,"43.663162,-79.309765",19
7425,The Queensway at South Kingsway,"43.63632,-79.47307",11
7424,Merton St / Mount Pleasant Rd,"43.697819,-79.38786",1
7422,Tyndall Ave / King St W - SMART,"43.638426,-79.429142",2
7418,College Park - Yonge St Entrance,"43.65988,-79.38279",14
7419,Bloor St W / Huron St,"43.667023,-79.401805",11
7420,Barton St / Howland St - SMART,"43.66842,-79.410585",2
7414,Keele St / Annette St,"43.66402,-79.46418",6
7415,Keele St / Vine Ave,"43.66686,-79.46526",11
7410,Howard St / Rose Ave,"43.671278,-79.372127",0
7411,Little Norway Park,"43.635023,-79.399505",17
7409,Isabella St / Church St,"43.66834,-79.38235",1
7408,University Ave / Armoury St,"43.65263,-79.38766",17
7407,University Ave / Queen St W,"43.65158,-79.38655",23
7403,Lascelles Blvd / Eglinton Ave W,"43.70547,-79.40355",4
7400,Polson Pier,"43.641675,-79.354006",17
7395,Dentonia Park,"43.694341,-79.291416",4
7399,Lower Jarvis / Queens Quay E,"43.64422,-79.36927",16
7488,Summerhill Ave / Maclennan Ave,"43.685924,-79.376304",1
7261,Queens Quay E / Lower Sherbourne St,"43.645215,-79.364898",7
7463,Adelaide St W / Brant St,"43.6462574,-79.3973381",16
7231,Wright Ave / Sorauren Ave - SMART,"43.646677,-79.442741",12
7478,Ellis Ave / The Queensway,"43.63855,-79.46693",12
7084,High Park - Grenadier Cafe,"43.645599,-79.4657123",10
7302,Winona Dr / Davenport Rd,"43.674923,-79.430465",6
7087,Danforth Ave / Aldridge Ave,"43.684758,-79.316767",2
7024,Dundonald St / Church St,"43.66663,-79.38148",15
7503,Gerrard St E / Malvern Ave - SMART,"43.685221,-79.294766",3
7203,Bathurst St/Queens Quay(Billy Bishop Airport),"43.635492,-79.398253",30
7043,Queens Quay W / Lower Simcoe St,"43.63951,-79.383717",14
7018,Bremner Blvd / Rees St,"43.641529,-79.386741",6
7412,King St W / Crawford St,"43.6417852,-79.4131148",4
7391,Yonge St / Dundas Sq,"43.655766,-79.3802",7
7459,St Clair Ave W / Winona Ave,"43.680466,-79.432522",1
7030,Bay St / Wellesley St W,"43.664088,-79.387095",14
7501,Humberside Grounds - SMART,"43.65917,-79.46997",4
7264,Bloor St E / Huntley St - SMART,"43.671535,-79.379173",2
7469,Wellington St W / York St,"43.646734,-79.38301",9
7061,Dalton Rd / Bloor St W,"43.6662942,-79.4066433",0
7138,Davenport Rd / Christie St,"43.675278,-79.423889",14
7417,King St W / Jordan St,"43.648928,-79.378623",3
7373,George St / King St E,"43.6509552,-79.3707",6
7455,E.T. Seton Park (Eglinton Ave E / Leslie St),"43.715951,-79.351246",26
7428,Woodbine Ave / Lake Shore Blvd E,"43.665645,-79.304711",16
7324,King St W / Charlotte St,"43.645572,-79.39399",13
7475,Jarvis St / Richmond St E,"43.652777,-79.372637",4
7476,Symington Ave / Dupont St,"43.665538,-79.451263",9
7009,King St E / Jarvis St,"43.650325,-79.372287",6
7029,Bay St / Bloor St W (East Side),"43.66943,-79.38915",3
7335,Bay St / Bloor St W (West Side),"43.669244,-79.3894",8
7442,Lonsdale Rd / Spadina Rd,"43.688526,-79.412903",0
7363,Wells Hill Ave / St Clair Ave W,"43.683351,-79.41562",5
7443,Dundas St E / George St,"43.6574766,-79.373446",5
7072,Fleet St / Bathurst St,"43.636611,-79.400042",16
7245,Tecumseth St / Queen St W - SMART,"43.646552,-79.406468",5
7052,Wellington St W / Bay St,"43.647259,-79.379878",5
7484,Briar Hill Ave / Yonge St - SMART,"43.713524,-79.400162",7
7074,King St E / Church St,"43.65003919999999,-79.3733541",7
7021,Bay St / Albert St,"43.653264,-79.382458",21
7008,Wellesley St / Queen's Park Cres,"43.663376,-79.392125",17
7006,Bay St / College St (East Side),"43.660439,-79.385525",9
7062,University Ave / College St (West),"43.659226,-79.390213",7
7502,University Ave / College St (East),"43.65995,-79.38964",12
7274,Queen's Park Cres E / Grosvenor St - SMART,"43.661803,-79.389682",2
7235,Bay St / College St (West Side) - SMART,"43.660087,-79.385655",0
7516,Superior Ave / Lake Shore Blvd W,"43.6146692,-79.4873148",11
7514,Humber Bay Shores Park / Marine Parade Dr,"43.626265,-79.476723",30
7518,Lake Shore Blvd W / Colborne Lodge Dr,"43.63771,-79.458173",10
7517,Ripley Ave / Ormskirk Ave,"43.6390437,-79.4760109",6
7520,St Clarens Ave / Shirley Ave,"43.6486599,-79.4376413",6
7524,Lisgar Park,"43.6423847,-79.4240277",11
7526,Bartlett Parkette,"43.6702236,-79.4360232",5
7528,Spadina Rd / Austin Terrace,"43.67883,-79.408723",1
7530,Sherbourne St N / Elm Ave,"43.6752732,-79.3778458",11
7534,Walnut Ave / Queen St W,"43.645469,-79.411084",14
7538,Vaughan Rd /Wychwood Ave,"43.6882821,-79.4253856",0
7536,Palmerston Ave / Dundas St W,"43.651603,-79.408346",3
7531,541 Huron St - SMART,"43.670206,-79.402643",0
7537,Euclid Ave / Herrick St - SMART,"43.661559,-79.413845",2
7545,Baldwin St / Henry St,"43.6560758,-79.393259",5
7547,Orde St / McCaul St,"43.6580442,-79.3927404",4
7546,Ross St / Cecil St - SMART,"43.6568254,-79.3966159",3
7552,Lake Shore Blvd W / Thirty Ninth Street,"43.5927419,-79.54033009999999",5
7553,Lake Shore Blvd W / Twenty Fourth St,"43.597082,-79.522768",6
7556,Windsor St / Newcastle St,"43.6171635,-79.4971065",6
7555,Royal York Rd / Mimico Ave,"43.612063,-79.496573",4
7558,Berry Rd / Bell Manor Dr,"43.63732,-79.489083",11
7554,Humber College,"43.5961692,-79.5160575",18
7515,Amos Waites Park,"43.613606,-79.4883535",12
7562,Priscilla  Ave / Dundas St W,"43.664665,-79.489385",5
7564,Durie St / Dundas St W,"43.665523,-79.484892",9
7563,St Clair Ave W / Castleton Ave,"43.668496,-79.485426",7
7567,Weston Lions Park,"43.698841,-79.519472",4
7561,Annette St / Jane St,"43.658574,-79.487246",7
7568,Jameson Ave / Queen St W,"43.63985,-79.43703",23
7570,Carlaw Ave / Dundas St E,"43.665076,-79.341509",13
7569,Toronto Inukshuk Park,"43.6323994,-79.40978179999999",17
7572,Cosburn Ave / Durant Ave,"43.6935477,-79.3301658",1
7559,Swansea Community Centre,"43.6438036,-79.4770327",4
7541,Bellwoods Ave / Treford Pl - SMART,"43.65246,-79.413528",6
7575,Bayview Ave / Lawren Harris Square,"43.6548521,-79.35397680000001",8
7557,The Queensway / High St,"43.630874,-79.482407",14
7529,Symington Ave / Davenport Rd,"43.6704403,-79.45328549999999",5
7576,Front St E / Bayview Avenue,"43.6535,-79.354068",11
7577,Oak St / Sumach St,"43.6617908,-79.361515",0
7551,The Esplanade / Hahn Pl,"43.649709,-79.364184",11
7549,439 Sherbourne St,"43.666051,-79.374161",13
7579,Glebe Rd W / Yonge St,"43.7005976,-79.397345",5
7580,Hillsdale Ave W / Yonge St,"43.7029672,-79.3979073",7
7540,Alvin Ave / St Clair Ave E,"43.68871,-79.39264",6
7583,Eglinton Ave W / Scarlett Rd,"43.6834703,-79.5108942",2
7584,The Pond Rd / Sentinel Rd,"43.7696262,-79.5025943",17
7585,Sentinel Rd / Finch Hydro Corridor,"43.7641485,-79.5012809",6
7586,Finch West Subway Station,"43.76521,-79.491281",19
7587,Dufferin St / Finch Hydro Recreational Trail,"43.7724019,-79.4675395",7
7588,G Ross Lord Park,"43.7781116,-79.467963",7
7591,Elwood Blvd / Avenue Rd,"43.707049,-79.40966",6
7593,Roehampton St / Bayview Ave,"43.711751,-79.378615",21
7598,Teddington Park Ave,"43.732975,-79.40401",3
7600,Ursula Franklin St / Huron St - SMART,"43.660274,-79.398049",0
7602,Woodbine Ave / O'Connor Dr,"43.699281,-79.318802",6
7603,O'Connor Dr / Curity Ave - SMART,"43.707582,-79.311439",11
7606,Dawes Rd / Taylor Creek Trl,"43.696631,-79.297436",8
7542,Queen St W / John St,"43.650077,-79.391291",20
7607,Fairmount Park,"43.6765897,-79.3163022",12
7599,Richmond St W / York St,"43.650745,-79.383633",4
7609,Sunnybrook Park,"43.720233,-79.362092",18
7618,Vaughan Rd / Oakwood Ave,"43.6926825,-79.441042",14
7619,Braemar Ave / Eglinton Ave W,"43.7041957,-79.4094472",2
7620,Eglinton Ave E / Redpath Ave,"43.7078691,-79.39248",0
7622,Marie Curtis Park,"43.5880774,-79.5432067",11
7624,Guildwood GO Station (South),"43.754978,-79.1971289",1
7277,Chorley Park - SMART,"43.6856,-79.3718",1
7344,Cherry Beach,"43.637764,-79.345359",27
7285,Spadina Ave / Harbord St - SMART,"43.6629228,-79.4018451",19
7250,Ursula Franklin St / St. George St - SMART,"43.660296,-79.397107",8
7617,Starspray Ave / Lawrence Ave E,"43.788319,-79.123505",13
7626,Rouge Hill GO Station,"43.7805505,-79.1301203",3
7615,Colonel Danforth Park,"43.7777114,-79.1659711",14
7614,Morningside Park (Highland Creek Trail),"43.779353,-79.193023",2
7612,Livingston Rd / Guildwood Pkwy,"43.747854,-79.199327",5
7613,Livingston Rd (Highland Creek Trail),"43.7561681,-79.2026694",12
7630,Twelfth St / Thirteenth St,"43.6002896,-79.5108692",11
7631,Florence Gell Park,"43.6615467,-79.498398",13
7522,Wallace Ave / Pauline Ave,"43.6632257,-79.4397052",4
7610,Kingston Rd / Beech Ave,"43.680095,-79.291714",4
7611,Victoria Park Ave / Danforth Ave,"43.691468,-79.288619",11
7033,Union Station,"43.645609,-79.380386",32
7162,Hayter St / Laplante Ave,"43.6591666666667,-79.3855555555556",9
7109,Seaton St / Dundas St E - SMART,"43.658777,-79.369596",3
7629,Lundy Ave / Etienne Brule Park,"43.6625395,-79.5030161",5
7632,Chiltern Hill Rd / Eglinton Ave W,"43.7004017,-79.4275305",6
7589,Torresdale Ave / Antibes Dr,"43.77953,-79.45233",13
7590,Esther Shiner Stadium,"43.7774374,-79.4447096",4
7190,St. George St / Hoskin Ave,"43.6637403,-79.39806449999999",11
7594,Fleming Cres / Bayview Ave,"43.707045,-79.375437",10
7333,King St E / Victoria St,"43.6495789,-79.3762096",11
7058,Huron St / Harbord St,"43.6637,-79.400053",19
7582,Alameda Ave / Vaughan Rd - SMART,"43.690903,-79.4375028",1
7473,Adelaide St W / Strachan Ave,"43.643253094827294,-79.41230469904167",5
7623,Royal York Rd / Lake Shore Blvd W,"43.6029904,-79.4926867",6
7635,Runnymede Rd / Annette St,"43.6596299,-79.4799176",5
7156,Salem Ave / Bloor St W,"43.6608333,-79.43166666666667",14
7157,Dufferin St / Bloor St,"43.66083333333333,-79.43583333333333",12
7539,Davisville Ave / Pailton Cres,"43.69933,-79.39199",9
7581,High Park Ave / Dundas St W,"43.6653032,-79.4701178",0
7637,Judson St / Royal York Rd,"43.6162721,-79.4990363",0
7608,Wilket Creek Park,"43.720645,-79.355474",7
7641,Annette St / Dundas St W,"43.6641174,-79.4588522",12
7633,Noble St / Queen St W,"43.6424558,-79.4296346",9
7643,Oriole Pkwy / Kilbarry Rd,"43.6954486,-79.4026176",1
7644,East Lynn Ave / Danforth Ave,"43.6850809,-79.3149901",9
7596,Langford Ave / Danforth Ave - SMART,"43.6800218,-79.3405681",5
7645,University of Toronto Scarborough,"43.7842419,-79.1849889",3
7291,190 Queens Quay E,"43.6451308,-79.36536439999999",12
7492,324 Cherry St,"43.6482995,-79.3552533",12
7647,Elm St/ University Ave (East Side),"43.65637299999999,-79.38781039999999",1
7263,Walton St / Elizabeth St - SMART,"43.657838,-79.38631",14
7616,Waterfront Trail (Rouge Hill),"43.778015,-79.131911",2
7565,St Clair Ave W / Gunns Rd,"43.672079,-79.470171",10
7348,Pape Ave / Gamble Ave,"43.690237,-79.350119",9
7404,Roehampton Ave / Mount Pleasant Rd,"43.70942,-79.39139",1
7034,Church St / Bloor St E,"43.671389,-79.382919",2
7332,200 Bloor St E,"43.671561,-79.38117",0
7276,Bloor St W / Balmuto St,"43.669903,-79.387802",6
7595,Moore Park,"43.693256,-79.383238",10
7654,Bloor St W / Pacific Ave,"43.65412449999999,-79.4636388",7
7655,Danforth Ave / Dewhurst Blvd,"43.680207,-79.339243",6
7656,Bloor St W / Brock Ave,"43.6589882,-79.438715",7
7327,Davenport Rd / Dovercourt Rd - SMART,"43.6741219,-79.4352208",4
7657,1 Market St - SMART,"43.6469928,-79.3706665",13
7601,Brick Works,"43.683884,-79.36647",24
7634,University Ave / Gerrard St W (WEST) - SMART,"43.6578449,-79.3899265",4
7284,University Ave / King St W - SMART,"43.6477785,-79.3847928",18
7659,Amroth Ave / Danforth Ave,"43.6856128,-79.31168269999999",6
7133,Summerhill Subway Station,"43.681944,-79.390556",8
7571,Highfield Rd / Gerrard St E,"43.671771,-79.324961",10
7046,Niagara St / Richmond St W,"43.64534,-79.409597",22
7662,Beaty Ave / Queen St W,"43.6393107,-79.4408141",3
7068,Blantyre Park,"43.68306889999999,-79.279682",0
7258,Queen St E / Rushbrooke Ave,"43.6626628,-79.3323698",14
7091,Donlands Subway Station,"43.681114,-79.3373885",1
7523,Lynn Williams St / East Liberty St - SMART,"43.638925,-79.4168659",10
7487,Eastwood Rd / Woodbine Ave - SMART,"43.676216,-79.309395",2
7406,Victoria St / Queen St E,"43.652822,-79.378208",6
7660,285 Victoria St,"43.656633,-79.379625",17
7504,Gerrard St E / Victoria Park Ave - SMART,"43.686962,-79.286864",5
7663,Kilgour Rd / Rumsey Rd,"43.718039,-79.371914",12
7127,Bay St / Scollard St,"43.672152,-79.39018",1
7566,Weston Rd / St Clair Ave W - SMART,"43.673019,-79.467994",5
7664,Sunnybrook Health Centre - L Wing,"43.72268,-79.37644",13
7666,Dundas St W / St Helen Ave - SMART,"43.6504218,-79.4407647",10
7642,Yonge St / St Clair Ave,"43.68850459999999,-79.3940052",9
7416,Spadina Ave / Blue Jays Way,"43.641705,-79.393295",2
7636,Bloor St W / Riverside Dr,"43.647663,-79.487583",17
7668,Simcoe St / Dundas St W - SMART,"43.6558557,-79.3894093",13
7665,Sunnybrook Health Centre - S Wing,"43.720998,-79.377456",10
7670,Yonge St / Woburn Ave - SMART,"43.72814640000001,-79.4032194",7
7039,Simcoe St / Michael Sweet Ave,"43.652327224103,-79.3882538196087",11
7197,Queen St W / Dovercourt Rd,"43.6438602,-79.4227573",9
7671,Yonge St / Montgomery Ave - SMART,"43.7093201,-79.3996301",0
7658,Kings Mill Park,"43.64920406876699,-79.49336334201408",12
7646,University Ave / Richmond St W,"43.6503935,-79.3860211",10
7639,135 Queens Wharf  - SMART,"43.6399714,-79.39940399999999",12
7519,406 Oakwood Ave,"43.68827060022711,-79.43937767081853",6
7292,Granby St / Church St - SMART,"43.6614605,-79.37894570000002",10
7605,Lumsden Ave / Eastdale Ave,"43.69413548199171,-79.30058718775287",1
7625,Yonge St / Lawrence Ave,"43.7254665,-79.40115449999999",1
7381,Yonge St / Orchard View Blvd,"43.7083577,-79.39886200000001",0
7016,Bay St / Queens Quay W (Ferry Terminal),"43.640978,-79.376785",20
7135,Hanna Ave / Liberty St,"43.63840090000001,-79.4197107",12
7096,Lower Don River Trail and Taylor Creek Trail,"43.7027268,-79.33368089999999",5
7604,St Columba Pl / St Clair Ave E,"43.70567,-79.310554",3
7172,Strachan Ave / Princes' Blvd,"43.635,-79.4088888888889",12
7104,King St E / River St,"43.656784782853144,-79.35627385059036",8
7597,Yonge St / Golfdale Rd,"43.732016,-79.403637",4
7648,909 Yonge St,"43.67515255542865,-79.38849615969643",1
7117,640 Bloor Street E,"43.67468857448634,-79.36701962396272",1
7676,York University (Glendon Campus) - SMART,"43.727365488246306,-79.3814254607724",7
7677,1303 Yonge St - SMART,"43.6846177,-79.39245919999999",2
7678,York University Station (South) - SMART,"43.77345,-79.5002",1
7429,Woodbine Subway Station,"43.686442,-79.313404",1
7667,Spadina Ave / Sussex Ave - SMART,"43.66402799999999,-79.40297869999999",9
7382,Simcoe St / Adelaide St W,"43.6481303,-79.38632",18
7022,Simcoe St / Queen St W,"43.65049,-79.3873",27
7682,Bathurst St / Front St W,"43.64134790000001,-79.4013882",15
7684,Bay St / Harbour St (East),"43.64215,-79.377",20
7237,Ward Ave / Wallace Ave,"43.663337,-79.446444",7
7322,E Liberty St / Western Battery Rd,"43.6392777,-79.4115736",13
7685,King St W / Brant St,"43.645102,-79.39744979999999",9
7687,Bloor St W / Gladstone Ave - SMART,"43.6602021,-79.4342726",4
7688,High Park Blvd / Parkside Dr,"43.644887,-79.45641169999999",8
7689,20 Eaton Ave,"43.680012,-79.34403250000001",2
7211,Fort York Blvd / Garrison Rd,"43.637381,-79.406112",11
7533,Housey St / Dan Leckie Way,"43.63811,-79.397877",4
7675,1525 Dundas St W,"43.64957,-79.432446",3
7683,Bay St / Harbour St (West),"43.64191,-79.378325",10
7692,85 Lee Ave,"43.6700692,-79.2971326",23
7693,Mutual St / Shuter St (Arena Gardens),"43.6559476,-79.37558829999999",0
7695,Queen St E / Joseph Duggan Rd,"43.6677628,-79.30811709999999",16
7696,Heyworth Cres / Kingston Rd,"43.6750806,-79.3068697",2
7698,St Clair Ave W / Caledonia Rd,"43.6754247,-79.4547813",4
7216,Wellington St W / Stafford St,"43.6409957,-79.40966630000001",16
7702,111 Broadview Ave,"43.6593483,-79.34993659999999",4
7691,Christie St / Dupont St,"43.67168,-79.421192",9
7050,Richmond St E / Jarvis St Green P,"43.652634,-79.374222",7
7037,Bathurst St / Dundas St W,"43.6519501,-79.4060978",8
7703,Oak St / Sackville St,"43.6613642,-79.3641171",1
7704,24 Mountjoy Ave,"43.6808774,-79.3304491",2
7705,Colgate Ave / Carlaw Ave,"43.6623658,-79.3413344",13
7706,Felstead Ave/Gillard Ave (Monarch Park),"43.6791345,-79.3263159",9
7686,Lower Jarvis / The Esplanade,"43.6478206,-79.3704721",13
7707,Coronation Park (Martin Goodman Trail),"43.635495,-79.40352209999999",8
7708,101 Cedarvale Ave,"43.6868681,-79.3110942",7
7699,St Clair Ave W / Oakwood Ave,"43.678177,-79.435364",4
7709,Beltline Trail / Yonge St,"43.6962302,-79.39504339999999",7
7627,Shaw St / Essex St - SMART,"43.667076,-79.425116",6
7460,High Park Outdoor Pool,"43.649217,-79.465319",13
7700,St Clair Ave W / Robina Ave,"43.68005,-79.43469",3
7527,Joseph J Piccininni Community Centre,"43.675648,-79.4527619",15
7710,11 Spadina Rd,"43.6677246,-79.4041365",0
7001,Wellesley Station Green P,"43.66496415990742,-79.38355031526893",8
7256,Vanauley St / Queen St W - SMART,"43.648437,-79.39838",8
7042,Sherbourne St / Wellesley St E,"43.6673,-79.374",5
7202,Queen St W / Bay St (City Hall),"43.6517925,-79.38269509999999",20
7228,Queen St W / Roncesvalles Ave,"43.6372958,-79.4423237",9
7711,Havelock St / Dewson St,"43.6554793,-79.4302462",6
7650,St Clair West Subway Station - Heath Entrance,"43.686352,-79.415894",7
7712,Queen St W / Shaw St,"43.6442457,-79.41610440000001",7
7679,York University Station (North),"43.7741,-79.5005",4
7640,Spadina Rd / St.Clair Ave West,"43.683979,-79.410657",4
7260,Spadina Ave / Adelaide St W,"43.6472019,-79.3953394",12
7099,Cherry St / Mill St,"43.6513927,-79.35794659999999",9
7453,Jarvis St / Maitland Pl,"43.6647688,-79.3772602",0
7713,Temperance St / Bay St,"43.6506,-79.381285",16
7345,Cherry Beach Sports Field (55 Unwin Ave),"43.6408346,-79.3429074",10
7728,Randolph Ave / Perth Ave,"43.6585504,-79.4497659",17
7719,Wolseley St / Augusta Ave,"43.6484201,-79.40051919999999",24
7715,Lumsden Ave / Cedarvale Ave,"43.693187,-79.314283",4
7717,Niagara St / Portland St,"43.6425791,-79.40011729999999",4
7716,Church St / The Esplanade,"43.6469251,-79.3733192",14
7720,King St W / Portland St,"43.644395,-79.40065430000001",6
7721,Widmer St / King St W,"43.6463574,-79.391206",10
7724,Wellesley St E / Parliament St,"43.6682342,-79.3702641",1
7725,Yonge St / Macpherson Ave,"43.6791876,-79.39071899999999",5
7130,Davenport Rd / Bedford Rd,"43.674446,-79.398331",1
7680,Princes' Blvd / Nunavut Rd,"43.6334636,-79.4143057",16
7243,Exhibition GO Station,"43.6352007,-79.4187711",14
7729,265 Armadale Ave,"43.6501644,-79.48296909999999",9
7730,800 Fleet St,"43.636804,-79.408832",18
7548,St Joseph St / Bay St - SMART,"43.6658804,-79.38761010000002",7
7731,Victoria Park Ave / Kingston Rd,"43.68035,-79.28357",3
7505,Ontario St / Adelaide St E -SMART,"43.6535052,-79.3667689",8
7738,Highview Ave / Kennedy Rd,"43.702418581463505,-79.2563167072858",6
7732,Kingston Rd / Warden Ave,"43.68824135931814,-79.27046628033244",3
7735,Birchcliff Ave / Kingston Rd,"43.691688,-79.265027",4
7737,Kingston Rd / Glen Everest Rd,"43.697490048103,-79.25655146462776",6
7736,Birchmount Rd / Kingston Rd,"43.69401297794256,-79.26257204548136",2
7733,Pharmacy Ave / Danforth Ave,"43.6929478,-79.28339980000001",6
7734,Danforth Ave / Warden Ave,"43.6950192,-79.27180659999999",4
7743,Eglinton Ave W / Gilbert Ave,"43.69263249999999,-79.4627536",4
7740,Sharpe St / Park St (Sandown Park),"43.7105975,-79.2541175",5
7742,Eglinton Ave W / Prospect Cemetery,"43.69415,-79.45782580000001",7
7251,The Royal Ontario Museum (Bloor St Entrance),"43.668500046272165,-79.3946235999697",5
7746,Marlee Ave / York Beltline Trail,"43.70163,-79.44099",6
7745,Bert Robinson Park,"43.688028,-79.460265",10
7744,Rogers Rd / Prospect Cemetery,"43.68323,-79.455765",14
7747,Eglinton Ave W / Ennerdale Rd,"43.69466,-79.45376999999999",10
7094,Chester Subway Station,"43.6784834,-79.3513564",5
7748,Bloor St W / Old Mill Trl,"43.65016869999999,-79.4963345",3
7749,Wendover Rd / Bloor St W (Green P),"43.6492,-79.50601999999999",8
7750,Luttrell Ave / Danforth Ave,"43.6897656,-79.2939525",3
7543,Bellevue Square Park,"43.6537513,-79.4028245",9
7752,1926 Lake Shore Blvd W,"43.6357643,-79.4674917",13
7751,Willingdon Blvd / Bloor St W (Green P),"43.64839,-79.51008",11
7753,36 Park Lawn Rd,"43.62369169999999,-79.4838132",6
7741,Howard Park Ave / Parkside Dr,"43.648657,-79.458111",10
7025,Ted Rogers Way / Bloor St E,"43.671293,-79.380471",0
7754,Walter Saunders Park,"43.699327072589426,-79.4493630391668",3
7755,Park Lawn Rd / Berry Rd,"43.63560589999999,-79.4934616",8
7756,Tobermory Dr / Finch Hydro Recreational Trail,"43.7611741,-79.5114452",13
7758,Driftwood Ave / Finch Hydro Trail,"43.7603624,-79.5162777",15
7760,Grand Avenue Park,"43.62313,-79.4918",3
7759,The Pond Rd / Shoreham Dr,"43.772445,-79.511912",5
7506,Berkeley St / Adelaide St E - SMART,"43.653359,-79.365023",3
7739,Kingston Rd / Ridgemoor Ave,"43.70643614257429,-79.25104443353288",6
7761,Moss Park,"43.655972,-79.370638",13
7241,519 Church St,"43.666874,-79.381155",6
7398,York St / Lake Shore Blvd W,"43.641952,-79.380723",17
7718,St. Andrew's Playground Park,"43.646552,-79.399586",7
7762,College St / Henry St ,"43.6591529,-79.3947953",2
7521,Emerson Ave / Bloor St W,"43.659055,-79.440764",4
7757,The Well,"43.643025055165865,-79.39430137761319",0
7311,Sherbourne St / Isabella St,"43.669576,-79.375961",0
7694,Victoria Park Ave / Dawes Rd,"43.706466,-79.29511",2
7701,Roncesvalles Ave / Fermanagh Ave,"43.646314469245205,-79.44879407014527",11
7354,Tommy Thompson Park (Leslie Street Spit),"43.65222662225532,-79.32295440954084",0
7765,St. John's Rd / Dundas St W,"43.66526761605873,-79.47502122887077",5
7766,Albany Ave / Bloor St W,"43.66554144421798,-79.41010317605742",0
7767,Pioneer Village Subway,"43.77649016265579,-79.5085364909097",0
7269,Toronto Eaton Centre (Yonge St) - SMART,"43.655431,-79.380653",2
7768,Armoury St / Chestnut St,"43.65351799690878,-79.38591063795928",1
7769,Lake Shore Blvd W / Brow Dr,"43.59119994025076,-79.54449133041076",15
7681,25 Booth Ave,"43.6544839,-79.34105699999999",7
